TYPE,CONTENT,PRIORITY,INDENT,AUTHOR,RESPONSIBLE,DATE,DATE_LANG,TIMEZONE
task,* ⭕️ MIND,4,1,Corey (7442507),,,en,America/New_York
,,,,,,,,
task,close down portfolio stuff after probation period ends ==+21 @Computer,4,1,Corey (7442507),,in 13 days,en,America/New_York
,,,,,,,,
task,tear down web site(s) === @Computer,4,1,Corey (7442507),,in 5 days,en,America/New_York
,,,,,,,,
task,research native lazy loading >>>> @Computer,4,1,Corey (7442507),,,en,America/New_York
,,,,,,,,
task,* ...,4,1,Corey (7442507),,,en,America/New_York
,,,,,,,,
task,see if heroku app still running ===+1 @Computer,4,1,Corey (7442507),,in 5 days,en,America/New_York
,,,,,,,,
task,maybe renew Heroko CC ===+1 @Computer,4,1,Corey (7442507),,in 5 days,en,America/New_York
,,,,,,,,
task,try out code coverage feature in dev tools >>> @Chrome @Computer @Work,4,1,Corey (7442507),,in 4 days,en,America/New_York
,,,,,,,,
task,maybe try footsteps extension >> @VS_Code @Work,4,1,Corey (7442507),,in 5 days,en,America/New_York
,,,,,,,,
task,try out web vitals lane in chrome 88 >> @Computer @Work,4,1,Corey (7442507),,in 5 days,en,America/New_York
,,,,,,,,
section,❓,,,,,,,
task,try out node-debugger //// @Computer @N @Work,4,1,Corey (7442507),,,en,America/New_York
,,,,,,,,
section,📅,,,,,,,
task,* [[[ Svelete summit ]]],4,1,Corey (7442507),,,en,America/New_York
,,,,,,,,
task,* [[[ Chrome Dev summit ]]],4,1,Corey (7442507),,,en,America/New_York
,,,,,,,,
task,* 2022,4,1,Corey (7442507),,,en,America/New_York
,,,,,,,,
section,*️⃣,,,,,,,
task,* technologies to stay on top of @CONTROL @🔄,4,1,Corey (7442507),,every 50 days,en,America/New_York
,,,,,,,,
task,check out [/javascript.info/](https://javascript.info/) . [^900] @Computer @N,4,2,Corey (7442507),,every! 900 hours,en,America/New_York
,,,,,,,,
task,* SQL,4,2,Corey (7442507),,,en,America/New_York
,,,,,,,,
task,* Learning SQL @B📒,4,3,Corey (7442507),,,en,America/New_York
,,,,,,,,
task,HTML *100. @N @REFLECT,4,2,Corey (7442507),,every! 100 days,en,America/New_York
,,,,,,,,
task,read through [/HTML tags/](evernote:///view/10334470/s94/0ae3c045-e085-4405-b6ce-8c8717741145/0ae3c045-e085-4405-b6ce-8c8717741145/) . [*40] @Computer @N @Work,4,3,Corey (7442507),,every! 40 days,en,America/New_York
,,,,,,,,
task,review [/HTML5 periodic table/](https://websitesetup.org/html5-periodical-table/) .[*100] @Computer,4,3,Corey (7442507),,every! 100 days,en,America/New_York
,,,,,,,,
task,[/HTML CheatSheet/](https://htmlcheatsheet.com/) *100.. @Computer,4,3,Corey (7442507),,every! 100 days,en,America/New_York
,,,,,,,,
task,HTML CheatSheet - HTML - [/Cheat Sheet/](https://htmlcheatsheet.com/) . [^190] @5⏰ @Computer @N,4,4,Corey (7442507),,every! 190 hours,en,America/New_York
,,,,,,,,
task,HTML CheatSheet - CSS - [/Cheat Sheet/](https://htmlcheatsheet.com/css/) . [^1233] @5⏰ @Computer @N,4,4,Corey (7442507),,every! 233 hours,en,America/New_York
,,,,,,,,
task,HTML CheatSheet - JS - [/Cheat Sheet/](https://htmlcheatsheet.com/js/) . [^97] @5⏰ @Computer @N,4,4,Corey (7442507),,every! 97 hours,en,America/New_York
,,,,,,,,
task,[/HTML Standard/](https://html.spec.whatwg.org/) *100. @Computer @N,4,3,Corey (7442507),,every! 100 days,en,America/New_York
,,,,,,,,
task,CSS *110 @N @REFLECT,4,2,Corey (7442507),,every! 110 days,en,America/New_York
,,,,,,,,
task,review [/SitePoint CSS selectors/](https://www.sitepoint.com/css-selectors/) . [*55] @Computer @N,4,3,Corey (7442507),,every! 55 days,en,America/New_York
,,,,,,,,
task,try out [/CSS overview/](https://css-tricks.com/new-in-chrome-css-overview/) after it’s fully release >>> @Computer @N @Waiting_For @Work,4,3,Corey (7442507),,in 4 days,en,America/New_York
,,,,,,,,
task,[/SassMeister/](https://www.sassmeister.com/) ^1000... @Computer @N @•,4,3,Corey (7442507),,every! 1000 hours,en,America/New_York
,,,,,,,,
task,[/Meyer’s CSS reset/](https://meyerweb.com/eric/tools/css/reset/reset.css) *110 @Computer @N,4,3,Corey (7442507),,every! 110 days,en,America/New_York
,,,,,,,,
task,[/Chrome user agent style sheet/](https://chromium.googlesource.com/chromium/blink/+/master/Source/core/css/html.css) *100. @Computer @N,4,3,Corey (7442507),,every! 100 days,en,America/New_York
,,,,,,,,
task,review BEM methodology [*89] @Computer @N,4,3,Corey (7442507),,every! 89 days,en,America/New_York
,,,,,,,,
task,JavaScript *100 @N @REFLECT,4,2,Corey (7442507),,every! 100 days,en,America/New_York
,,,,,,,,
task,[/Effective JavaScript/](evernote:///view/2147483647/s94/bce7333d-0a5c-4b8a-8834-e60cf4e2b87e/bce7333d-0a5c-4b8a-8834-e60cf4e2b87e/) {^45} @B📒 @Computer @E📗 @N @{Hourlies},4,3,Corey (7442507),,every! 45 hours,en,America/New_York
,,,,,,,,
task,be referring to JavaScript Allonge *42... @BE @N,4,3,Corey (7442507),,every! 42 days,en,America/New_York
,,,,,,,,
task,What the f*ck Javacript? [/denysdovhan/wtfjs/](https://github.com/denysdovhan/wtfjs) . [^42] @Computer @GitHub @N,4,3,Corey (7442507),,every! 42 hours,en,America/New_York
,,,,,,,,
task,* Next: NaN is not a number,4,4,Corey (7442507),,,en,America/New_York
,,,,,,,,
task,progress on [/JavaScript Allonge/](evernote:///view/2147483647/s94/9808e6f0-c696-4dd1-87b0-a3e30cfae7e0/9808e6f0-c696-4dd1-87b0-a3e30cfae7e0/) . [^55] @B📒 @Computer @E📗 @N @Work,4,3,Corey (7442507),,every! 55 hours,en,America/New_York
,,,,,,,,
task,review [/JS WTF/](https://github.com/denysdovhan/wtfjs) . [*34] @Computer,4,3,Corey (7442507),,every! 34 days,en,America/New_York
,,,,,,,,
task,[/Operator Lookup/](https://joshwcomeau.com/operator-lookup/) ^1000.. @Computer,4,3,Corey (7442507),,every! 1000 hours,en,America/New_York
,,,,,,,,
task,* 3 at a time,4,4,Corey (7442507),,,en,America/New_York
,,,,,,,,
task,* Next operator:,4,4,Corey (7442507),,,en,America/New_York
,,,,,,,,
task,=>,4,4,Corey (7442507),,,en,America/New_York
,,,,,,,,
task,do at least one question on [/JS quiz/](https://quiz.typeofnan.dev/) ^100.,4,3,Corey (7442507),,every! 100 hours,en,America/New_York
,,,,,,,,
task,1,4,4,Corey (7442507),,,en,America/New_York
,,,,,,,,
task,2,4,4,Corey (7442507),,,en,America/New_York
,,,,,,,,
task,3,4,4,Corey (7442507),,,en,America/New_York
,,,,,,,,
task,4,4,4,Corey (7442507),,,en,America/New_York
,,,,,,,,
task,5,4,4,Corey (7442507),,,en,America/New_York
,,,,,,,,
task,6,4,4,Corey (7442507),,,en,America/New_York
,,,,,,,,
task,7,4,4,Corey (7442507),,,en,America/New_York
,,,,,,,,
task,8,4,4,Corey (7442507),,,en,America/New_York
,,,,,,,,
task,9,4,4,Corey (7442507),,,en,America/New_York
,,,,,,,,
task,10,4,4,Corey (7442507),,,en,America/New_York
,,,,,,,,
task,… 72,4,4,Corey (7442507),,,en,America/New_York
,,,,,,,,
task,track Babel version [^1210] @Computer @N,4,3,Corey (7442507),,every! 1210 hours,en,America/New_York
,,,,,,,,
task,[Babel · The compiler for next generation JavaScript](https://babeljs.io/),4,4,Corey (7442507),,,en,America/New_York
,,,,,,,,
task,track ECMAScript version . [^1210] @Computer @N,4,3,Corey (7442507),,every! 1210 hours,en,America/New_York
,,,,,,,,
task,[Standard ECMA-262](https://www.ecma-international.org/publications/standards/Ecma-262.htm),4,4,Corey (7442507),,,en,America/New_York
,,,,,,,,
task,Svelte . [*10] @N @REFLECT,4,2,Corey (7442507),,every! 10 days,en,America/New_York
,,,,,,,,
task,[/svelte.dev/](https://svelte.dev/) . [^209] @Computer @N,4,3,Corey (7442507),,every! 209 hours,en,America/New_York
,,,,,,,,
task,svelte.dev - [/blog/](https://svelte.dev/blog) . [^129] @Computer,4,4,Corey (7442507),,every! 129 hours,en,America/New_York
,,,,,,,,
task,svelte.dev - [/docs/](https://svelte.dev/docs) . [^33] @Computer @Work @🔽,4,4,Corey (7442507),,every! 33 hours,en,America/New_York
,,,,,,,,
task,* Next:,4,5,Corey (7442507),,,en,America/New_York
,,,,,,,,
task,TEMPLATE SYNTAX - {@html ...},4,5,Corey (7442507),,,en,America/New_York
,,,,,,,,
task,[/sveltejs/](https://twitter.com/sveltejs) ^1000.. @Computer @N @Twitter🐦,4,3,Corey (7442507),,every! 1000 hours,en,America/New_York
,,,,,,,,
task,[r/svletejs](https://www.reddit.com/r/sveltejs/) . [^110] @Computer @N @Reddit🤖,4,3,Corey (7442507),,every! 110 hours,en,America/New_York
,,,,,,,,
task,Discord - [/Svelte/](https://discord.com/channels/457912077277855764/457912077277855766) ^100.. @Computer @N,4,3,Corey (7442507),,every! 100 hours,en,America/New_York
,,,,,,,,
task,Svelte Society [/@SvelteSociety/](https://twitter.com/SvelteSociety) ^1000 @Computer @N @Twitter🐦,4,3,Corey (7442507),,every! 1000 hours,en,America/New_York
,,,,,,,,
task,React *90. @N @REFLECT,4,2,Corey (7442507),,every! 90 days,en,America/New_York
,,,,,,,,
task,checkout [/React Bits/](https://vasanthk.gitbooks.io/react-bits/) . [^610] @B📒 @Computer @N,4,3,Corey (7442507),,every! 610 hours,en,America/New_York
note,Styling - HOC for Styling,,,Corey (7442507),,,,
,,,,,,,,
task,track React version . [^900] @Computer @N,4,3,Corey (7442507),,every! 900 hours,en,America/New_York
,,,,,,,,
task,[/facebook/create-react-app/](https://github.com/facebook/create-react-app) . [^1000] @Computer @GitHub @N,4,3,Corey (7442507),,every! 1000 hours,en,America/New_York
,,,,,,,,
task,last commit date reviewed: _6/1/20,4,4,Corey (7442507),,,en,America/New_York
,,,,,,,,
task,check out [/React docs/](https://reactjs.org/docs/) . [^281] @Computer @N @Work,4,3,Corey (7442507),,every! 281 hours,en,America/New_York
,,,,,,,,
task,* Next section:,4,4,Corey (7442507),,,en,America/New_York
,,,,,,,,
task,Installation - Create a New React App,4,4,Corey (7442507),,,en,America/New_York
,,,,,,,,
task,r/reactjs - [/flair:Weekend Reads/](https://www.reddit.com/r/reactjs/search?q=flair_name%3A%22Weekend%20Reads%22&restrict_sr=1) . [*8] @Computer @N @Reddit🤖,4,3,Corey (7442507),,every! 8 days,en,America/New_York
,,,,,,,,
task,TypeScript *89. @N @REFLECT,4,2,Corey (7442507),,every! 89 days,en,America/New_York
,,,,,,,,
task,play in [/TypeScript playground/](http://www.typescriptlang.org/play/) . [^256] @Computer @N @Work,4,3,Corey (7442507),,every! 256 hours,en,America/New_York
,,,,,,,,
task,[/Typescript in 50 Lessons/](evernote:///view/10334470/s94/58663125-f2bb-442a-900c-221f1bfb0407/58663125-f2bb-442a-900c-221f1bfb0407/) *100.. @B📒 @Computer @E📗,4,3,Corey (7442507),,every! 100 days,en,America/New_York
,,,,,,,,
task,* https://typescript-book.com/,4,4,Corey (7442507),,,en,America/New_York
,,,,,,,,
task,* https://drive.google.com/file/d/1m3-IEHzvjH8-0WQVNCxdxuI1LJO5Uwyg/view?usp=sharing,4,4,Corey (7442507),,,en,America/New_York
,,,,,,,,
task,* Next chaper:,4,4,Corey (7442507),,,en,America/New_York
,,,,,,,,
task,progress through . [^90] @Computer @N @🔼,4,4,Corey (7442507),,every! 90 hours,en,America/New_York
,,,,,,,,
task,Node *100. @N @REFLECT,4,2,Corey (7442507),,every! 100 days,en,America/New_York
,,,,,,,,
task,npm - [/most depended upon packages/](https://www.npmjs.com/browse/depended) . [*37] @Computer @N,4,3,Corey (7442507),,every! 37 days,en,America/New_York
,,,,,,,,
task,track Node/NPM version [^900] @Computer @N,4,3,Corey (7442507),,every! 900 hours,en,America/New_York
,,,,,,,,
task,[Node.js](https://nodejs.org/en/),4,4,Corey (7442507),,,en,America/New_York
,,,,,,,,
task,[/goldbergyoni/nodebestpractices/](https://github.com/goldbergyoni/nodebestpractices) . [*34] @Computer @GitHub @Work,4,3,Corey (7442507),,every! 34 days,en,America/New_York
,,,,,,,,
task,Project Structure Practices (5),4,4,Corey (7442507),,,en,America/New_York
,,,,,,,,
task,* CRAWLER,4,4,Corey (7442507),,,en,America/New_York
,,,,,,,,
task,Error Handling Practices (11),4,4,Corey (7442507),,,en,America/New_York
,,,,,,,,
task,Code Style Practices (12),4,4,Corey (7442507),,,en,America/New_York
,,,,,,,,
task,Testing And Overall Quality Practices (13),4,4,Corey (7442507),,,en,America/New_York
,,,,,,,,
task,Going To Production Practices (19),4,4,Corey (7442507),,,en,America/New_York
,,,,,,,,
task,Security Practices (25),4,4,Corey (7442507),,,en,America/New_York
,,,,,,,,
task,Performance Practices (2) (Work In Progress️ ✍️),4,4,Corey (7442507),,,en,America/New_York
,,,,,,,,
task,Docker Practices (15),4,4,Corey (7442507),,,en,America/New_York
,,,,,,,,
task,regex *100. @N @REFLECT,4,2,Corey (7442507),,every! 100 days,en,America/New_York
,,,,,,,,
task,* git @CONTROL @🔄,4,1,Corey (7442507),,every 37 days,en,America/New_York
,,,,,,,,
task,* https://git-scm.com/doc,4,2,Corey (7442507),,,en,America/New_York
,,,,,,,,
task,sync [/GitHub/](https://github.com/) 🐙 *37.. >Sa< @Computer @N,4,2,Corey (7442507),,every! 37 days,en,America/New_York
,,,,,,,,
task,be following people on GitHub . [*89] @BE @N,4,2,Corey (7442507),,every! 89 days,en,America/New_York
,,,,,,,,
task,do git drill . [*55] @Computer @N,4,2,Corey (7442507),,every! 55 days,en,America/New_York
,,,,,,,,
task,git stash save with a name,4,3,Corey (7442507),,,en,America/New_York
,,,,,,,,
task,apply saved git stash,4,3,Corey (7442507),,,en,America/New_York
,,,,,,,,
task,[/GitHub/](https://www.github.com) . [^144] @Computer @N @Sites @👤,4,2,Corey (7442507),,every! 144 hours,en,America/New_York
,,,,,,,,
task,GitHub - [/Trending/](https://github.com/trending/) . [*60] @Computer @N @Sites,4,3,Corey (7442507),,every! 60 days,en,America/New_York
,,,,,,,,
task,[/GitHub/](https://www.github.com) . [^377] @N @Sites @Work @👤,4,3,Corey (7442507),,every! 377 hours,en,America/New_York
,,,,,,,,
task,download app at some point,4,3,Corey (7442507),,,en,America/New_York
,,,,,,,,
task,GitHub - [/stars/](https://github.com/msucorey?tab=stars) ^987... @Computer @N,4,3,Corey (7442507),,every! 987 hours,en,America/New_York
,,,,,,,,
task,GitHub - [/profile/](https://github.com/msucorey) ^1100... @Computer @N,4,3,Corey (7442507),,every! 1100 hours,en,America/New_York
,,,,,,,,
task,* knowledge sources @CONTROL @🔄,4,1,Corey (7442507),,every 41 days,en,America/New_York
,,,,,,,,
task,[/Can I use/](https://caniuse.com/) ^1100. @Computer,4,2,Corey (7442507),,every! 1100 hours,en,America/New_York
,,,,,,,,
task,Can I use [/ciu/news/](https://caniuse.com/ciu/news) ^900 @Computer @N,4,3,Corey (7442507),,every! 900 hours,en,America/New_York
,,,,,,,,
task,[/CSS-Tricks/](https://css-tricks.com/) ^1000. @Computer @N @Sites,4,2,Corey (7442507),,every! 1000 days,en,America/New_York
,,,,,,,,
task,[/Smashing Magazine/](https://www.smashingmagazine.com/) . [*24] @Computer @N @Sites,4,3,Corey (7442507),,every! 24 days,en,America/New_York
,,,,,,,,
task,CSS-Tricks - [/CSS Almanac/](https://css-tricks.com/almanac/) . [*8] @Computer @N,4,3,Corey (7442507),,every! 8 days,en,America/New_York
,,,,,,,,
task,* Next section:,4,4,Corey (7442507),,,en,America/New_York
,,,,,,,,
task,i,4,4,Corey (7442507),,,en,America/New_York
,,,,,,,,
task,CSS-Tricks [/random/]( https://css-tricks.com/random/) . [^40] @Computer @N,4,3,Corey (7442507),,every! 40 hours,en,America/New_York
,,,,,,,,
task,[/Hacker Noon/](https://hackernoon.com/) . [^55] @Computer @N @Sites,4,2,Corey (7442507),,every! 55 hours,en,America/New_York
,,,,,,,,
task,Hacker Noon [/tagged/coding/](https://hackernoon.com/tagged/coding/) . [^133] @Computer @N,4,3,Corey (7442507),,every! 133 hours,en,America/New_York
,,,,,,,,
task,Hacker Noon [/u/msucorey/](https://hackernoon.com/u/msucorey) *100... @Computer @N @👤,4,3,Corey (7442507),,every! 100 days,en,America/New_York
,,,,,,,,
task,Hacker Noon [/tagged/javascript/](https://hackernoon.com/tagged/javascript/) . [^173] @Computer @N,4,3,Corey (7442507),,every! 173 hours,en,America/New_York
,,,,,,,,
task,Hacker Noon [/tagged/nodejs/](https://hackernoon.com/tagged/nodejs/) . [^281] @Computer @N,4,3,Corey (7442507),,every! 281 hours,en,America/New_York
,,,,,,,,
task,track cell phone usage [^256=] @N @R @REFLECT,3,3,Corey (7442507),,every! 256 hours,en,America/New_York
,,,,,,,,
task,https://www.sprint.com/en/my-sprint.html?INTNAV=TopNav:Acct:Usage#/unbilled-usage (My Sprint),4,4,Corey (7442507),,,en,America/New_York
,,,,,,,,
task,Hacker Noon [/tagged/react/](https://hackernoon.com/tagged/react/) . [^87] @Computer @N,4,3,Corey (7442507),,every! 87 hours,en,America/New_York
,,,,,,,,
task,Hacker Noon [/tagged/](https://hackernoon.com/tagged) . [^1100] @Computer @N,4,3,Corey (7442507),,every! 1100 hours,en,America/New_York
,,,,,,,,
task,Hacker Noon [/tagged/svelte/](https://hackernoon.com/tagged/svelte) . [^99] @Computer @N,4,3,Corey (7442507),,every! 99 hours,en,America/New_York
,,,,,,,,
task,review [/frontend dev handbook/](https://frontendmasters.com/books/front-end-handbook/2019/) . [*13] @Computer @N,4,2,Corey (7442507),,every! 13 days,en,America/New_York
,,,,,,,,
task,wait for version newer than 2019,4,3,Corey (7442507),,,en,America/New_York
,,,,,,,,
task,check out StackShare *144 @Computer @N,4,2,Corey (7442507),,every! 144 days,en,America/New_York
,,,,,,,,
task,[/SitePoint/](https://www.sitepoint.com/) ^900.. @Computer @N @Sites @👤,4,2,Corey (7442507),,every! 900 hours,en,America/New_York
,,,,,,,,
task,continue reading current book on [/SitePoint/](https://www.sitepoint.com/premium/library) . [^64] @5⏰ @B📒 @Computer @N,4,3,Corey (7442507),,every! 72 hours,en,America/New_York
,,,,,,,,
task,"Professional JavaScript for Web Developers, _4th Edition",4,4,Corey (7442507),,,en,America/New_York
,,,,,,,,
task,be checking out content on SitePoint [*36] @BE @N,4,3,Corey (7442507),,every! 36 days,en,America/New_York
,,,,,,,,
task,[/MDN web docs/](https://developer.mozilla.org/) ^1100. @Computer @N,4,2,Corey (7442507),,every! 1100 hours,en,America/New_York
,,,,,,,,
task,MDN web docs - [/Screen API/](https://developer.mozilla.org/en-US/docs/Web/API/Screen) *33.. @Computer @N,4,3,Corey (7442507),,every! 33 days,en,America/New_York
,,,,,,,,
task,MDN web docs - [/Document API/](https://developer.mozilla.org/en-US/docs/Web/API/Document) . [*23] @Computer @N,4,3,Corey (7442507),,every! 23 days,en,America/New_York
,,,,,,,,
task,MDN Web Docs - [/Element API/](https://developer.mozilla.org/en-US/docs/Web/API/Element) . [*13] @Computer @N,4,3,Corey (7442507),,every! 13 days,en,America/New_York
,,,,,,,,
task,MDN Web Docs [/@MozDevNet/](https://twitter.com/MozDevNet) ^900 @Computer @N @Twitter🐦,4,3,Corey (7442507),,every! 900 hours,en,America/New_York
,,,,,,,,
task,* info streams @CONTROL @🔄,4,1,Corey (7442507),,every 35 days,en,America/New_York
,,,,,,,,
task,visit [/web.dev/](https://web.dev/) . [^504] @Computer,4,2,Corey (7442507),,every! 504 hours,en,America/New_York
,,,,,,,,
task,TechLead *144 @REFLECT,4,2,Corey (7442507),,every! 144 days,en,America/New_York
,,,,,,,,
task,TechLead [/@techleadhd/](https://twitter.com/techleadhd) . [^158] @Computer @N @Twitter🐦,4,3,Corey (7442507),,every! 158 hours,en,America/New_York
,,,,,,,,
task,[/TechLead/](https://www.youtube.com/techlead) *33. @Computer @N @YouTube📺,4,3,Corey (7442507),,every! 33 days,en,America/New_York
,,,,,,,,
task,Amazon - [/TechLead on Amazon/](https://www.amazon.com/shop/techlead) *37 @Amazon🛒 @Computer @N,4,3,Corey (7442507),,every! 37 days,en,America/New_York
,,,,,,,,
task,be reading ECMAScript Daily email [*55] @BE @N @Newsletter,4,2,Corey (7442507),,every! 55 days,en,America/New_York
,,,,,,,,
task,be reading JS Weekly email [*44] @BE @N @Newsletter,4,2,Corey (7442507),,every! 44 days,en,America/New_York
,,,,,,,,
task,https://app.hey.com/contacts/3720441,4,3,Corey (7442507),,,en,America/New_York
,,,,,,,,
task,be reading CSS Weekly email [*55] @BE @N @Newsletter,4,2,Corey (7442507),,every! 55 days,en,America/New_York
,,,,,,,,
task,be reading Frontend Focus email [*89] @BE @N @Newsletter,4,2,Corey (7442507),,every! 89 days,en,America/New_York
,,,,,,,,
task,be reading Dev Tips email [*55] @BE @N @Newsletter,4,2,Corey (7442507),,every! 55 days,en,America/New_York
,,,,,,,,
task,reading Git Better *66.. @BE @N @Newsletter,4,2,Corey (7442507),,every! 66 days,en,America/New_York
,,,,,,,,
task,be reading Smashing Magazine email [*46] @BE @N @Newsletter,4,2,Corey (7442507),,every! 46 days,en,America/New_York
,,,,,,,,
task,be reading React Status email [*89] @BE @N @Newsletter,4,2,Corey (7442507),,every! 89 days,en,America/New_York
,,,,,,,,
task,be reading 10 Things in Tech You Need to Know . [*89] @BE @N @Newsletter,4,2,Corey (7442507),,every! 89 days,en,America/New_York
,,,,,,,,
task,be reading CodePen Spark [*89] @BE @N @Newsletter,4,2,Corey (7442507),,every! 89 days,en,America/New_York
,,,,,,,,
task,[/Hacker News/](https://news.ycombinator.com/) . [^57] @Computer @N,4,2,Corey (7442507),,every! 57 hours,en,America/New_York
,,,,,,,,
task,[/Product Hunt/](https://www.producthunt.com/) . [^610] @Computer @N @Sites,4,2,Corey (7442507),,every! 610 hours,en,America/New_York
,,,,,,,,
task,reading perf.email *89. @BE @Newsletter,4,2,Corey (7442507),,every! 89 days,en,America/New_York
,,,,,,,,
task,[/dev-web firehose/](https://devwebfeed.appspot.com/) . [^99] @Computer,4,2,Corey (7442507),,every! 99 hours,en,America/New_York
,,,,,,,,
task,* Last entry read: _1/16/21,4,3,Corey (7442507),,,en,America/New_York
,,,,,,,,
task,* meetups and conferences @CONTROL @🔄,4,1,Corey (7442507),,every 43 days,en,America/New_York
,,,,,,,,
task,figure out norfolk.js sked >> @REFLECT,4,2,Corey (7442507),,687 days ago,en,America/New_York
,,,,,,,,
task,check out [/Norfolk Local Developer Meetups/](https://meetup-events-api.herokuapp.com/meetup_events/nldm.html) 🏙 [*13====] @Computer @N @Sites,4,2,Corey (7442507),,,en,America/New_York
,,,,,,,,
task,think about attending Beer.js [*55] @N @REFLECT,4,2,Corey (7442507),,every! 55 days,en,America/New_York
,,,,,,,,
task,check out [/upcoming FE conferences/](https://conferences.css-tricks.com/) . [^900] @Computer @N,4,2,Corey (7442507),,every! 900 hours,en,America/New_York
,,,,,,,,
task,Svelte Summit *100 @N @REFLECT,4,2,Corey (7442507),,every! 100 days,en,America/New_York
,,,,,,,,
task,[/Svelte Summit/](https://sveltesummit.com/) *34 @Computer @N @•,4,3,Corey (7442507),,every! 34 days,en,America/New_York
,,,,,,,,
task,attend Svelte Summit @Computer,3,3,Corey (7442507),,in 2 days,en,America/New_York
,,,,,,,,
task,Chrome Dev Summit *100. @N @REFLECT,4,2,Corey (7442507),,every! 100 days,en,America/New_York
,,,,,,,,
task,[/Chrome Dev Summit/](https://developer.chrome.com/devsummit/) *40 @Computer @N,4,3,Corey (7442507),,every! 40 days,en,America/New_York
,,,,,,,,
task,* dev tools @CONTROL @🔄,4,1,Corey (7442507),,every 34 days,en,America/New_York
,,,,,,,,
task,VisBug *100 @REFLECT,4,2,Corey (7442507),,every! 100 days,en,America/New_York
,,,,,,,,
task,Chrome Web Store - Home - Extensions - [/VisBug/](https://chrome.google.com/webstore/detail/visbug/cdockenadnadldjbbgcallicgledbeoc) *100 @Computer @N,4,3,Corey (7442507),,every! 100 days,en,America/New_York
,,,,,,,,
task,visit [/Tooling.Report/](https://bundlers.tooling.report/) . [*36] @Computer,4,2,Corey (7442507),,every! 36 days,en,America/New_York
,,,,,,,,
task,visit [/squoosh.app/](https://squoosh.app/) *100.. @Computer @N,4,2,Corey (7442507),,every! 100 days,en,America/New_York
,,,,,,,,
task,* IDE,4,2,Corey (7442507),,,en,America/New_York
,,,,,,,,
task,screenshot my Atom packages *233. @Home @N,4,3,Corey (7442507),,every! 233 days,en,America/New_York
,,,,,,,,
task,review Bookmarks [^987] @Computer @N @VS_Code @Work,4,3,Corey (7442507),,every! 987 hours,en,America/New_York
,,,,,,,,
task,"practice shortcuts to add/remove, jump to next, jump to previous",4,4,Corey (7442507),,,en,America/New_York
,,,,,,,,
task,⌥⌘(J-K-L),4,5,Corey (7442507),,,en,America/New_York
,,,,,,,,
task,Extensions [*90>] @Computer @N @VS_Code @Work,4,3,Corey (7442507),,every! 90 days,en,America/New_York
,,,,,,,,
task,ES7 snippet search [*33] @Computer @N @VS_Code,4,3,Corey (7442507),,every! 33 days,en,America/New_York
,,,,,,,,
task,⇧⌘R,4,4,Corey (7442507),,,en,America/New_York
,,,,,,,,
task,review VS Code settings . [*36] @Computer @N @Work,4,3,Corey (7442507),,every! 36 days,en,America/New_York
,,,,,,,,
task,Text Editor,4,4,Corey (7442507),,,en,America/New_York
,,,,,,,,
task,Workbench,4,4,Corey (7442507),,,en,America/New_York
,,,,,,,,
task,Window,4,4,Corey (7442507),,,en,America/New_York
,,,,,,,,
task,* IN-DEPTH REVIEW CRAWLER,4,4,Corey (7442507),,,en,America/New_York
,,,,,,,,
task,Features,4,4,Corey (7442507),,,en,America/New_York
,,,,,,,,
task,Application,4,4,Corey (7442507),,,en,America/New_York
,,,,,,,,
task,Extensions,4,4,Corey (7442507),,,en,America/New_York
,,,,,,,,
task,check out [/React performance tools/](https://facebook.github.io/react/docs/perf.html) . [*55] @Computer @N,4,2,Corey (7442507),,every! 55 days,en,America/New_York
,,,,,,,,
task,be using //[DiffChecker](https://www.diffchecker.com/) *144 @BE @N,4,2,Corey (7442507),,every! 144 days,en,America/New_York
,,,,,,,,
task,check out filezilla . [*110] @Computer @N,4,2,Corey (7442507),,every! 110 days,en,America/New_York
,,,,,,,,
task,review [/ES7 React/Redux/GraphQL/React-Native snippets dsznajder.es7-react-js-snippets/](https://github.com/dsznajder/vscode-es7-javascript-react-snippets) . [*89] @Computer @N @Work,4,2,Corey (7442507),,every! 89 days,en,America/New_York
,,,,,,,,
task,check out prettier linter [*89] @Computer @N @Work,4,2,Corey (7442507),,every! 89 days,en,America/New_York
,,,,,,,,
task,catch up on [/VS Code updates/](https://code.visualstudio.com/updates/) . [*24] @Computer @N @VS_Code,4,2,Corey (7442507),,every! 24 days,en,America/New_York
,,,,,,,,
task,[/repl.it/](https://repl.it/) . [^116] @Computer @N @Sites @📌,4,2,Corey (7442507),,every! 116 hours,en,America/New_York
,,,,,,,,
task,[/repl.it - templates/](https://repl.it/templates) ^1597. @Computer @N,4,3,Corey (7442507),,every! 1597 hours,en,America/New_York
,,,,,,,,
task,be trying out CSS/SCSS lint setting in VS Code [*37] @BE @N,4,2,Corey (7442507),,every! 37 days,en,America/New_York
,,,,,,,,
task,review .bash_profile [^816=] @N @Work,4,2,Corey (7442507),,every! 816 hours,en,America/New_York
note,file:///Users/coreywofford/.bash_profile,,,Corey (7442507),,,,
,,,,,,,,
task,Chrome DevTools . [^900] @Apps @Computer @N,4,2,Corey (7442507),,every! 900 hours,en,America/New_York
,,,,,,,,
task,Google Developers - Web - Tools - [/Chrome DevTools/](https://developers.google.com/web/tools/chrome-devtools/) . [^281] @Computer @N,4,3,Corey (7442507),,every! 281 hours,en,America/New_York
,,,,,,,,
task,create a Live Expression ^990. @Computer @N,4,3,Corey (7442507),,every! 990 hours,en,America/New_York
,,,,,,,,
task,Chrome Dev Tools - Settings ^987.. @Computer @N,4,3,Corey (7442507),,every! 987 hours,en,America/New_York
,,,,,,,,
task,Chrome DevTools - CSS Overview *25 @Computer @N,4,3,Corey (7442507),,every! 25 days,en,America/New_York
,,,,,,,,
task,* forums @CONTROL @🔄,4,1,Corey (7442507),,every 36 days,en,America/New_York
,,,,,,,,
task,DEV Community *90 @REFLECT,4,2,Corey (7442507),,every! 90 days,en,America/New_York
,,,,,,,,
task,Dev . [^110] @Apps @Mobile @N,4,3,Corey (7442507),,every! 110 hours,en,America/New_York
,,,,,,,,
task,check out [r/Frontend](https://www.reddit.com/r/frontend) . [^80] @Computer @N @Reddit🤖 @Work,4,2,Corey (7442507),,every! 80 hours,en,America/New_York
,,,,,,,,
task,[r/reactjs](https://www.reddit.com/r/reactjs) . [^95] @Computer @Mobile @N @Reddit🤖 @Work,4,2,Corey (7442507),,every! 95 hours,en,America/New_York
,,,,,,,,
task,check out [r/javascript](https://www.reddit.com/r/javascript) . [^900] @Computer @N @Reddit🤖 @Work,4,2,Corey (7442507),,every! 900 hours,en,America/New_York
,,,,,,,,
task,check 757dev Slack [^133] @Computer @N @Slack,4,2,Corey (7442507),,every! 133 hours,en,America/New_York
,,,,,,,,
task,* learning @CONTROL @🔄,4,1,Corey (7442507),,every 42 days,en,America/New_York
,,,,,,,,
task,[/Codewars/](https://www.codewars.com/) ^900 @Computer @N @Sites @👤,4,2,Corey (7442507),,every! 900 hours,en,America/New_York
,,,,,,,,
task,Codewars - [/Profile/](https://www.codewars.com/users/msucorey) ^987. @Computer,4,3,Corey (7442507),,every! 987 hours,en,America/New_York
,,,,,,,,
task,work through [/thisthat/](https://thisthat.dev/) . [^133] @Computer @N @🔽,4,2,Corey (7442507),,every! 133 hours,en,America/New_York
,,,,,,,,
task,"* site highlights visited links, just go to next",4,3,Corey (7442507),,,en,America/New_York
,,,,,,,,
task,check out [/whatthefork.is/](https://whatthefork.is/) *23.. @Computer @N,4,2,Corey (7442507),,every! 23 days,en,America/New_York
,,,,,,,,
task,keep Frontend Mentor in mind . [*100] @N @REFLECT,4,2,Corey (7442507),,every! 100 days,en,America/New_York
,,,,,,,,
task,do an Enki workout [^987] @Mobile @N,4,2,Corey (7442507),,every! 987 hours,en,America/New_York
,,,,,,,,
task,Beginning HTML and CSS . [^28] @5⏰ @B📒 @Home @N,4,2,Corey (7442507),,every! 28 hours,en,America/New_York
,,,,,,,,
task,[/Refactoring/](evernote:///view/10334470/s94/fbcb9044-b0aa-4498-aa37-154619a028dd/fbcb9044-b0aa-4498-aa37-154619a028dd/) . [^79] @B📒 @Computer @E📗 @N @Work,4,2,Corey (7442507),,every! 79 hours,en,America/New_York
note,"Refactoring | Improving the Design of Existing Code by Martin Fowler, with Kent Beck 2018",,,Corey (7442507),,,,
note,"Refactoring is a controlled technique for improving the design of an existing code base. Its essence is applying a series of small behavior-preserving transformations, each of which ""too small to be worth doing"". However the cumulative effect of each of these transformations is quite significant. By doing them in small steps you reduce the risk of introducing errors. You also avoid having the system broken while you are carrying out the restructuring - which allows you to gradually refactor a system over an extended period of time.

My book describes the process of refactoring and spends most of its time explaining how to do the various refactorings - the behavior preserving transformations. The book opens with a simple example that describes the whole process. There are then some introductory chapters that discuss broader issues around refactoring, the “code smells” that suggest refactoring, and the role of testing.

The bulk of the book is around seventy refactorings described in detail: the motivation for doing them, mechanics of how to do them safely and a simple example.

This is the second edition of the book, published late in 2018. The first edition came out in 2000. This is the book that I'm proudest of, in that it's had a high impact on the world of software development. Several development environments now automate many of the refactorings described in the book. Refactoring has become a full-fledged part of the software development lexicon (sadly also leading to misuse).",,,Corey (7442507),,,,
,,,,,,,,
task,play with [/ES6 Katas/](http://es6katas.org/) . [^48] @Computer @N,4,2,Corey (7442507),,every! 48 hours,en,America/New_York
,,,,,,,,
task,work through [/bash commands/](evernote:///view/10334470/s94/4d458f71-bbcb-4802-a316-30f06b27342e/4d458f71-bbcb-4802-a316-30f06b27342e/) . [^146] @Computer @N @Work,4,2,Corey (7442507),,every! 146 hours,en,America/New_York
,,,,,,,,
task,Cracking the Coding Interview . [^190] @B📒 @Home @N,4,2,Corey (7442507),,every! 190 hours,en,America/New_York
,,,,,,,,
task,* portfolio @CONTROL @🔄,4,1,Corey (7442507),,every 46 days,en,America/New_York
,,,,,,,,
task,check Google Analytics *7. @Computer @N,4,2,Corey (7442507),,every! 7 days,en,America/New_York
,,,,,,,,
task,verify portfolio up and linking out . [*7] @Computer @N,4,2,Corey (7442507),,every! 7 days,en,America/New_York
,,,,,,,,
task,review godaddy account ‘’1... @Computer @N,4,2,Corey (7442507),,every! 1 months,en,America/New_York
note," [[file {""file_name"":""review godaddy account <date tom>"",""file_size"":29245,""file_type"":""text/html"",""file_url"":""https://d1x0mwiac2rqwt.cloudfront.net/89Oc2mwwNl7behwft6-zweBEUCirVZDGZdDnO5Pwti4TmYN-WV16yZ71nVxyY5s6/by/7442507/as/7442507_f9e3bdfc4a541feab44ce767213a1518.email.html"",""resource_type"":""file"",""upload_state"":""completed""}]]",,,Corey (7442507),,,,
,,,,,,,,
task,review DEV PROJECTS p8 [*33] @Home @Journal📓 @N,4,2,Corey (7442507),,every! 33 days,en,America/New_York
,,,,,,,,
task,[/Heroku/](https://dashboard.heroku.com/apps) . [*36] @Computer @N @👤,4,2,Corey (7442507),,every! 36 days,en,America/New_York
,,,,,,,,
task,terminal *100 @REFLECT,4,1,Corey (7442507),,every! 100 days,en,America/New_York
,,,,,,,,
task,* [/SHELL ALIASES/](evernote:///view/10334470/s94/af0d7c57-5197-4ac4-9c9e-aa6c44066b22/af0d7c57-5197-4ac4-9c9e-aa6c44066b22/),4,2,Corey (7442507),,,en,America/New_York
,,,,,,,,
task,list shell aliases . [^1000] @Computer @N,4,2,Corey (7442507),,every! 1000 hours,en,America/New_York
note,alias,,,Corey (7442507),,,,
,,,,,,,,
task,Google Developer *100. @REFLECT,4,1,Corey (7442507),,every! 100 days,en,America/New_York
,,,,,,,,
task,[/Chromium Blog/](https://blog.chromium.org/) . [^144] @Computer,4,2,Corey (7442507),,every! 144 hours,en,America/New_York
,,,,,,,,
task,[/Google Chrome Developers/](https://www.youtube.com/c/GoogleChromeDevelopers/) . [^108] @Computer @YouTube📺,4,2,Corey (7442507),,every! 108 hours,en,America/New_York
,,,,,,,,
task,go through newly uploaded videos and add picks to Watch Later,4,3,Corey (7442507),,,en,America/New_York
,,,,,,,,
task,[/Google Developers/](https://developers.google.com/) ^1100 @Computer @N,4,2,Corey (7442507),,every! 1100 hours,en,America/New_York
,,,,,,,,
task,Google Developers - [/Web/](https://developers.google.com/web/) ^1000. @Computer @N,4,3,Corey (7442507),,every! 1000 hours,en,America/New_York
,,,,,,,,
task,Google Developers - Web - [/Updates/](https://developers.google.com/web/updates) . [^106] @Computer @N,4,4,Corey (7442507),,every! 106 hours,en,America/New_York
,,,,,,,,
task,Google Developers - Web - [/Tools/](https://developers.google.com/web/tools/) ^1000. @Computer @N,4,4,Corey (7442507),,every! 1000 hours,en,America/New_York
,,,,,,,,
task,"just code, baby! *100 @REFLECT",4,1,Corey (7442507),,every! 100 days,en,America/New_York
,,,,,,,,
task,[/CodePen/](https://codepen.io/) . [*14] @Computer @N @Sites,4,2,Corey (7442507),,every! 14 days,en,America/New_York
,,,,,,,,
task,CodePen - [/Your Work/](https://codepen.io/your-work/) . [^900] @Computer @N,4,3,Corey (7442507),,every! 900 hours,en,America/New_York
,,,,,,,,
task,CodePen - [/Trending/](https://codepen.io/trending/) . [^987] @Computer @N,4,3,Corey (7442507),,every! 987 hours,en,America/New_York
,,,,,,,,
task,CodePen - [/Following/](https://codepen.io/following/) ^1597. @Computer @N,4,3,Corey (7442507),,every! 1597 hours,en,America/New_York
,,,,,,,,
task,CodePen - [/Explore Topics/](https://codepen.io/topics/) . [^1100] @Computer @N,4,3,Corey (7442507),,every! 1100 hours,en,America/New_York
,,,,,,,,
task,CodePen - [/Profile/](https://codepen.io/msucorey) ^1100... @Computer @N,4,3,Corey (7442507),,every! 1100 hours,en,America/New_York
,,,,,,,,
task,[/CodeSandbox/](https://codesandbox.io/) ^100 @Computer,4,2,Corey (7442507),,every! 100 hours,en,America/New_York
,,,,,,,,
task,code ⌨️ {^43} @Computer @{Hourlies},4,2,Corey (7442507),,every! 43 hours,en,America/New_York
,,,,,,,,
task,doing Codewars challenges 🈴 [*8] @BE,4,2,Corey (7442507),,every! 8 days,en,America/New_York
,,,,,,,,
task,[r/ProgrammerHumor](https://www.reddit.com/r/ProgrammerHumor) . [^86] @Computer @Reddit🤖,4,1,Corey (7442507),,every! 86 hours,en,America/New_York
,,,,,,,,
task,[/Code/](https://mail.google.com/mail/u/0/?tab=rm&ogbl#label/Code+%E2%8C%A8%EF%B8%8F+%E2%AD%95%EF%B8%8F) . [*40] @Computer @G📧,4,1,Corey (7442507),,every! 40 days,en,America/New_York
,,,,,,,,
task,[/webcomponents.org/](https://www.webcomponents.org/) *55 @Computer,4,1,Corey (7442507),,every! 55 days,en,America/New_York
,,,,,,,,
task,check tech news 📰 {^25} @Computer @{Hourlies},4,1,Corey (7442507),,every! 25 hours,en,America/New_York
,,,,,,,,
task,DevTwitter [/#DevTwitter/](https://twitter.com/hashtag/DevTwitter) . [^158] @Computer @Twitter🐦,4,1,Corey (7442507),,every! 158 hours,en,America/New_York
,,,,,,,,
section,⭕️,,,,,,,
task,review ⭕️ [*31] @REFLECT @📌,4,1,Corey (7442507),,every! 31 days,en,America/New_York
,,,,,,,,
task,Puzzle Pages >> @Project @REFLECT,4,1,Corey (7442507),,in 5 days,en,America/New_York
,,,,,,,,
task,review TODOs *30. @Computer,4,2,Corey (7442507),,every! 30 days,en,America/New_York
,,,,,,,,
task,review https://www.sitepoint.com/react-router-complete-guide/,4,2,Corey (7442507),,,en,America/New_York
,,,,,,,,
task,add google analytics,4,2,Corey (7442507),,,en,America/New_York
,,,,,,,,
task,look at moving to Rome setup,4,2,Corey (7442507),,,en,America/New_York
,,,,,,,,